Serial,Aspect,Opinion(List)
1,服务,极差_
2,酒店,比较安静_还可以_
3,楼,点评_
4,热情,
5,酒店,容易找到_高速下来_
6,商务,不高_感觉_不了_
7,酒店,不好_漏风_排_住_
8,退房,慢_破_慢_服务_差_
9,携程,不能_吃_不带_定_评价_
10,酒店,满_有_觉得_还满_住_好像是_旋转_不错_服务_比较好_
11,长春,都冻醒_还没有_感冒_这样_就是_还好_还好_
12,交通,便是_最令_住_不到_实际上打车_开_40块去_不到_竟然收_失望_打_
13,星级,
14,房间,还住_优越_下次来_好_高_
15,房间,大_小_有_比较偏远_
16,天津,居然是_不如_演艺场_星级_穿_特别_在_到处是_享受_太乱_走动_星级_不像_不知道_
17,行政房,非常喜欢_下次去_延迟_好_给_是_非常不错_住_到_还会_新_退房_而且可以_免费升级_也方便_到_
18,房间,齐_全_小_
19,外观,还是打消_完_没法提_还行_洗澡_有_吃_不清_本来想_说_但是看_
20,酒店,是_停_找_五星_就是_不像_不好_是_不协助_像_不是_五星级_都走_不让_停车_不了_很理想_整体_
21,祠宾馆,没_很远_推荐_到_
22,酒店,不要_没有把_安静_传给_几乎相同_是_很清楚_都是_不知道_有_写_遇到_给_
23,房间,很干净_上网_也不错_很舒服_可以_住_照_说_进来_
24,日本人,料理_做_那么差_
25,设施,不干净_
26,房间,坏_问_还生_退房_让_是_说_没有_
27,酒店,没开门_送餐_告诉_还是_顺便问_客气_安排_到达_吃_吃上_可以_想_说_很晚_到_
28,热水,就是_洗_不是_过烫_完_比较糟糕_比较吸引_很不错_还可以_冷热_难调节_太冷_就是_
29,火车站,很近_长途_点餐可_有_至_打车_营业_起价_就到_出_免费送_是_便是_
30,行政,巨大_别提多_叫_出来_是_难忘_用_靠_难受_不制_总感觉_在克制_有_是_会_道铺_五星级_脏乱_影响_再换_没有_住_真是_不知_在装修_还有_送餐_故意让_吐_竟让_要求_最让_一直敞着_长途打回_
31,星,一般_不是_
32,宾馆,寒冷_相当好_已经停用_也算_优惠_就退房_竟然停用_是_原本预定_是_求证_住_度过_才知道_
33,饭店,比较老_还是可以_
34,酒店,不知道_没_让_起来_真的感觉_超级_烧_不知道_腊燃_评上_采用_明亮_感觉_不是_做_用餐_食_再次补充_是_早上_有_不好_好像是_加热_加温_就能够_保温_叫_真是_很浓_如下_请_仍然是_不是_都希望_弄_
35,酒店,直接去_比较小_不错_有点旧_游泳_可以_
36,如家,略差_产权式_不熟悉_强_是_不知道_对_后来得知_有_要_没有_
37,当地,最好_有_
38,酒店,
39,现金,不及时_打扫_
40,酒店,去_不错_还会_服务_不错_好_
41,服务,很好_提出_很快_对应_就有_
42,设施,有点老化_漱用_配_取静_毕竟是_洗_闹_
43,特价房,隔_相同_出来_很差_就是_才去_临近_主要考虑_听见_做事_很清楚_走到_在_非常小_不隔音_用_基本是_排出_都能_见面_住_还有_
44,酒店,改点_喝_说_不敢_但生_没有_应_却有_就要_有_应_不新鲜_非要_非常差_炒_有_较贵_上_声称_炒_说_很远_没有_光打_
45,贵宾楼,最大_是_考虑_很周到_筛选_都铺好_送_
46,隔音,说话_比较差_一清二楚_
47,酒店,不喜欢_都要_有_被_说_接受_隔_不干净_极差_太差_还可以_其次CHECK-IN_有_可以_不会_对不起_傲慢_没有应_低下_呼来呵去_清洁_主要面向_首先酒店_投诉_强烈BS_不会_
48,酒店,临_入住_还是秉持_有_比较旧_较高_可以_
49,新昌,仅咫尺_点评_免费_不能_吃_最好_蛮有_是_住_非常好_太方便_不尝_
50,服务,还可以_好_
51,酒店,不成_只去_烧_不要_上去_很好_导致_计较_说_是_是_有待_为主_言下_没有_建议_说_突然断电_订_有_入住_泡_有_又说_是_便宜_入住_居然推托_不要入住_用_湿_还可以_弄_热水机烧_
52,蚊子,洗脚_大_快疯掉_问_大_有_吵_有_改进_真的要_
53,酒店,过来_住_办事_都是_不是_过来_尤以奇瑞_居多_很方便_来_较远_地处_
54,总体,得到_一定_有_很好_方便_可以_
55,春节,接手_太小_是_不接_那么舒服_不计较_即退_还是_有点五星_是_只有_背_很有_特价_豪华_换_喜来登_看_不知道_大_还行_平时价_怎么设定_不值_有_
56,房间,正在清理_
57,山上,最好_很不错_
58,上海,肯定会_来_没有看到_住_也是_也是_起_再来_非常好_高_感觉_非常遗憾_对_
59,酒店,很差_很陈旧_也坏掉_
60,价格,看到_同时结账_是_
61,照片,无_更便宜_实际上有_太小_好_不符_
62,酒店,有待_很好_是_预订_很好_常被_可以_还有_略显不足_司_符合_惊醒_很好_入住_有些狭小_入住_严重_入住_落地_非常值得_就是_有_改进_是_很好_俯瞰_不是_尊贵_高架_
63,酒店,在施工_就开始_不告诉_反馈_还有_干活_是_算_睡_非常贵_更可气_吵_入住_应该_非常感谢_不好_
64,酒店,可以_不错_还是不错_很热情_太好用_看到_就是_
65,酒店,均差_太差_
66,酒店,比较陈旧_较贵_算是_
67,酒店,不上_配_
68,楼,只看到_
69,酒店,可以_接受_还算_又旧_又脏_
70,店,还可以_考虑_下次入住_比较值得_
71,服务,要求_照成_诬陷_恶劣_不干净_不好_赔偿_
72,酒店,实在不怎么样_还行_不错_
73,网站,IN_是_差_装修_不住_预定_大床_整理_后来给_完全对_陈旧_变成_住_调换_不错_不会_
74,无锡,如下_不是_干净_捡后_马上送回_回来_住_感觉_可_液镜_很难得_掉_入住_赞_都是_间接提升_很贵_还有_是_配制_粗心大意把_最值得_
75,房间,热水_室内_强_舒适_不够_不大_出来_温和_软_洗澡_没吃_刚去_挺高_住_就有_老不再_松_做_放_尤其是_煎蛋_
76,服务,不足_很差_
77,水笼头,没坏_很细_到_但是破_无法想象_
78,名,星级_太大_不副实_所谓_
79,房间,很好_很近_
80,时候,直接说_下次肯定_很吵_太差_没有带本本_不住_说_不开_打开_换_真的是_就是_失望_都是_有_就是_所以住_真的是_坚决换_
81,床,
82,拱北,不错_太小_好_豪华_
83,物,没有_充点评_好_适中_全包括_位于_一样_如前_有所值_早餐一般.补_小_新_不好_齐_服务_好_而喧闹_但是临_
84,酒店,
85,房间,打到_干净_是_没洗_打到_有_要求_真是_不负责_只能_铺上_送来_接_换_说_下班_只能_没_铺_不明_好_而且有_铺床_
86,网上,做_插座_害得_算有_领到_正义路跑_不会_才预订_以后是_却没有_大_不去_找_用_多_全是_送_并续_不能_都是_找人_遗留_走_出来_完_洗_简直是_预付_被_进去_有_让_带粘_到_都有_困难_太夸张_说_淋浴没有_慢_是_一定要_都有_也散_住_要_只好打_很脏_刷_还有_都要_不能_想_都要_还有_去_开窗_查_好_后大失所望_洗_太失望_就是_不能_只想_用_去check-in_刷卡_结_不要_再去_竟说IT人_铺块_说_以便能_难打开_没找到_不会_开_绕_还怕_结果去_最夸张_不想_挂_就塞_很破_才了解_拿_休息_很大声_
87,价格,太好_不是_还不错_
88,大堂,快捷_高_
89,酒店,就订_都有_觉得_不错_看到_
90,价格,适中_还可以_
91,朋友,找来_相信_没有换_喝_拉掉_最终解决_令_就铺上_要求_补充_出来_染_好好检查_好像是_就想_可乐时候喷_例假_惊讶_折_恶心_一下有_要求_吐_这么做_也够_完全能_没有_高出_发生_无法消除_要求_检查_说_简单_去_是否是_就是_赔偿_简单洗完_打_点评_多么让_再入住_住_买_有_发现_带_不是_看_有点过火_请_表示_结账_是_把_无法容忍_就能_定_说_就是_睡_不说_出来_就急_是_前_说_摆平_不开心_染_是_绝对是_大_失望_是_一看_有_竟然有_一起去_
92,时候,强调_就是_发现_住在_不要_休息_
93,酒店,给_被_接_之后派车_真好_截_
94,诚信,有_
95,4星,要_才来_热水_
96,房间,又薄_很差_不阻_都没有_居然连_还是豪华_
97,房间,不成_小型_液晶_宽敞_很干净_挂_淋浴_没有_只能_
98,酒店,稍好_雷到.换_会_不会_是_差点被_补充_好像没_赶上_过高_退房_严重影响_吃_有_甲_回来_健康_砍价_点评_入住_开门_熏倒_吃_刚开门_留下_要_有_再次被_刚住完_
99,酒店,完全没有_回来_差_没有接到_要_可以_太差_实在是_不负责任_住_没有接到_上_实在是_说_打_还好意思_说_说_不要_到_接_无法联系_不说_晚点_随便住_到_订_可能_是_打_说_建议_完全是_说_打_没有接到_打给_还答应_
100,服务,最多_进来_不到_对_一眼瞥见_更贴切_不闻_特别是_写道_没说_还叫_没吃_不出_要_不要浪费_只能_看_结束_不问_完_实在找_就没_用餐_是_不起_就是_基本看_欢迎_说_用_超出_吃好_再来_形容_
101,房间,大概是_陈旧_很小_
102,服务,还可以_还不错_
103,脸,建_结果是_而且放洗_透_处在_发液_只有_是_可想而知_左肩膀靠_最好_开业_也小_靠_还可以_排水_都没有_坐_还是_不畅_住_可怜_想_本来是_卫生间糟糕_
104,房间,尚可_很大_还满意_
105,朋友,看_结果是_去_打算_预订_结账_硬说_少_数错_来_只好上去_
106,房,很嘈杂_好找_只是_有_才找到_找_
107,描述,不是_不住_终于消费_错误_是_折腾_差不多_成功_退房_搞_高级_圆_不清_将预授权_消费_转为_一样_打死_竟然有_的确是_应该_是_要_是_不停_红色_
108,地址,服务_糟糕_不到_上当_错误_
109,小姐,实在烂_烂_怎么说_推荐_
110,标准,低_有_不怎么_
111,交通,方便_是_也热闹_总的说来是_有所_自然_
112,酒店,还是跑远_奉劝_
113,服务员,准备_让_很热情_十分温馨_体贴_5:00离开_感到_
114,狗狗,告知_说_进去_带走_不能_迟_一点会_交给_
115,风格,得到_是_有_优秀_住_相差_灰色_好远_很脏_不会_快捷_没有_是_很浓_就是_是_再住_
116,周边,也有_感觉_发霉_喝_怎么干净_冷水_使_使用_很湿_变_淋_连放冷水_比较小_看到_怎么好_不远_有_不敢_上当_不好_没敢_很远_出行_脏_开_很静_很方便_有_容易漏水_逛_不方便_综合_
117,四星,不会_真的让_再住_最多_简易_大失所望_就相当于_
118,酒店,携程_介绍_挖_简单_很差_补充_没有_是_说话_恶心_最差_大_点评_大_坐_大_
119,技术区,唯一_不起_很不错_星级_感觉_
120,当地,算是_出差_都会_比较好_每次去_住_
121,绿树,没_太起劲_知_要_才休息_幽静_醒来_俄式_叫_就是_就有_说_
122,交通,很近_很便利_
123,贵宾,入住_说_没_服务_值得_
124,朋友,强烈要求_有_预定_想_真的有待_这么倒霉_才罢休_不见_服务_可能_不是_担心_有线_预定_都会_问_就纳闷_动用_
125,房间,是_小_恶意_差_最可恶_变相_不便_
126,标准,每次去_是_还可以_可以_贵_不错滴_很方便_过_都住_
127,设施,差_感觉_打扫_没见_住_没有_点评_补充_高_
128,酒店,较硬_还不错_较小_就是_
129,中餐厅,一般_小_不是_没有_没_很一般_去_没有_
130,九洲,没别_换到_感觉_太大_号称_
131,保定,说_给_最好_是_加分_应该_
132,差差差,几乎等于_太差_大_有_太差_极差_有_
133,汉庭,有余_订_高级_是_是_产生_新_快捷_入住_不清楚_至今困扰_已记_
134,标准,不错_服务_较大_
135,住房,乱哄哄_差无比_要_布置_
136,中银,非常好_
137,老鼠,选_说_后来看到_重新装修_还是_
138,门面,也小_不熟悉_太小_有待_
139,房间,小_大_有_比较偏远_
140,酒店,吓_住_只能_不好_昏暗_不过床_经济型_淋浴_蛮干净_很大_一跳_感觉_住_搞_进屋_太旧_
141,人,失望_
142,酒店,携程_确实有_
143,卫生间,好像要_什么没_要_太贵_是_免费办理_办理_差_知_就是_
144,卫浴,可洗澡_简陋_不热_没有_
145,西宁,定_
146,老板,非常满意_不会_订_
147,酒店,挺方便_挺实惠_合适_符合_
148,酒店,仓促_有_不到_而订_方便_
149,设施,洗_闹_毕竟是_有点老化_取静_漱用_配_
150,环境,都不错_再来_也可以_还会_
151,酒店,都走_停车_不好_整体_是_不让_不了_就是_像_找_不像_五星_很理想_是_五星级_停_不协助_不是_
152,优势,是_十分方便_去_很近_坐_
153,拉萨,的确是_才发觉_偏高_同样_只需_
154,豪华房,还是_显得_有些陈旧_
155,酒店,小_很旧_就是_很小_
156,人,还满意_感觉_
157,差,叫_没热水_要_马上搬去_怎么会_说_还是_居然说_可考芦_是_没有_换_没热方_说_之前看到_有_不到_
158,外表,就进入_发霉_达到_冷汗_降级_不敲门_就应该_过_出_刷卡_就是_热水_不会_连刷_去_结账_刷_吓_浓重_只能_没有_还算_就没有_
159,酒店,缺乏_
160,电视,有_入住_滚动_比较温馨_感到_
161,房间,免费_想_有_又短_选择_参观_很近_去_可以_很快_
162,房间,还不错_太贵_发霉_有_还是_够大_
163,酒店,不错_很舒适_
164,携程,有_贵_
165,门口,有_好_
166,环境,很好_很好_特别是_很有_
167,优点,房送_很热情_很棒_就开工_非常好_稍有陈旧_不错_方便_极差_没有_不着_特地帮_完全睡_非常丰盛_送_都有_说话_吵醒_很快_比较有_从别出弄_还行_隔壁_没有_在装修_被_来_有_没有小_也算_
168,无锡,不错_看_住_
169,家人,得到_深感_开始_入住_后来细致_很快_积极_有_小_入微_
170,房间,很干净_已经是_很好_订_很丰盛_
171,酒店,是_入住_入住_推荐_可以_很多_比较好_
172,晚,
173,位置,吃饭_有_方便_
174,饭店,找_就去_甚至想_放置_试试_讲_让_唯一_就是_都成_说_不到_又找_方便_实在是_去_不得安生_不行_乱七八糟_可取_好不容易摆好_别说_可口_多样_值得_可怕_提_插口_不夸张_很困难_接连不断_没_
175,携程,入住_找_不知道_开车_却当头_协调_都挤到_睡_还好_等到达_被_没宽_复位_轰下_大_打_竟然说_还得_有_到_带_延长_较旧_严重影响_大_携程客服_比较通融_也有_带有_要_可积分_较脏_是_就没_怎么_休息_走_说_只好回来_不能_可以_把_没_缓慢运动_赶紧找_修没_预定_打到_才用_答应_都冷_封闭_不行_还没有_到_招待_住在_只有_都方便_整体_不挨_起来_浩浩荡荡开拔_不想_修_好_不能_拿_独立_带回_较小_中途_还好_有_有_客服_都有_没宽带_只带回_有_不是_私下转包_到_盖_多花_不起来_
176,酒店,很近_走_很好_过去_
177,酒店,达到_小_碰到_老_真是_非常爽_是_非常快_下载_住_
178,商务,蛮温馨_吃饭_但感觉_等_免费上网_不是_可能去_有_会_很大_就是_
179,地点,有点破旧_在使用_太偏僻_
180,代同事们,打_没想到_咨询_预订_不错_非常差_不耐烦_之前听说_到_
181,酒店,那样问_派人_结账_是否使用_非常难得_仍要_晶丽_收费_很不错_
182,房间,会_湿_没感觉_打电话_询问_湿_到_只是说明_是_都是_
183,酒店,很差_
184,房间,不来_越来越差_差点被_爬到_太差_住_经济型_强烈建议_快_出_锁在_累死_坏_考虑_不会_
185,预订,看_
186,南京,回来_良好_怎么乘车_该_安静_是_去_难叫到_下班_到_选_还算_不管_反复比较_感觉_接待_仔细介绍_是_都经过_挑_靠近_
187,友谊,更是_绝对是_让_心旷_
188,成都,绕_绕_结果10元_基本上没有_不严格_不好_不要_入住_出差_竟然给_才住_属于_不是_就会_发现_是_很远_
189,酒店,较近_叫_大约等_比较好_
190,商务,都放_应该_就上床_给_但是有_是_基本上是_怎么设计_不开_太小_是_不知道_是_是_进屋_看_估计_不到_挺大_
191,卫生间,出租车费_不错_算大_吗离_
192,朋友,让_就推荐_来_想想_离_
193,酒店,成_梦得_吸引_叫_一问三不知_起_
194,房间,没有_都可以_一碰_听到_总控制_巨大_把_没有_便会_整个脱落_
195,房间,还是_良好_明亮_整洁_比较舒适_
196,家,定_实在是_还没有_结果小_再小_太差_不能_所谓_
197,感觉,都达到_就是_有_比较好_
198,金府,改建_是_应该_成_
199,风格,住_不会_没有_相差_优秀_就是_好远_是_得到_灰色_很脏_是_有_再住_是_很浓_快捷_
200,轿车,
201,房间,大吉_还少_点要_黑_很赃_有_都是_好像有_难吃_关门_
202,商务,够大_
203,旅馆,被_没有_让_到_宰_吃饭_
204,房间,很丰盛_很好_很干净_已经是_订_
205,酒店,不能_才能_最美_取静_挡_住_白渡桥_很全面_很是_看_适合_不错_也是_看_到_在所难免_不够_下次要_得23_住_闹_陈旧_看_很大_一直可以_看到_很美_安静_很不错_来_算_高_有_但是起码_有_正好有_真正_看_可能_全_有_还会_
206,交通,偏贵_靠近_上网_干净_安静_舒适_
207,饭店,是_差_打_非常适合_比较困难_达标_比较简单_服务_
208,拱北,太草率_还不错_好_豪华_不好_不错_服务_太小_
209,饭店,比较简单_达标_打_比较困难_差_是_服务_非常适合_
210,房,一般_服务_较好_太厚_超热_睡觉_没见到_
211,房间,明显骗_搬_要求_还说_换_没有_太脏_没有热水_说_不住_说_坏_回答_不了_说_明确告诉_修理_都没有_走_
212,商务,还可以_很好_很热情_就是_比较人性化_不是_简单_很好吃_
213,酒店,很舒适_不错_
214,酒店,很差_太烂_是_大型_
215,老楼,很新_感觉_冷_改建_没有_
216,酒店,丰富_很规范_
217,酒店,极其不便_较差_
218,香港,取消_是_想_携程_不可以_本想_取消_只好冒雨_打_说_去_黑色_之前给_挂_
219,国庆,特别吵_住_
220,房间,太重_陈旧_单上有_
221,酒店,
222,酒店,还是给_才得以_更换_入住_太大_安睡_强烈要求_靠近_答应_
223,地理,就是_紧挨_有点闹心_还看_是_直接饮用_强_很方便_有_可以_
224,房间,太多_不好_
225,手续,又回前_换_订_没抬眼_没抬_却是_一直掉_办完_
226,酒店,休息_陈旧_不隔音_小_
227,房间,可以_有_打_整洁_有点大_都好_上网_
228,洛阳,也可以_服务_还是不错_也不错_
229,星,有损_不要_未挂牌_
230,上面,有些不安_
231,地段,适合_不错_小_
232,房间,都好_有_上网_整洁_打_可以_有点大_
233,酒店,注意_要_不能_淋浴水_加收_吃饭_是_去_比较小_大约要_延迟_否则要_只能_小休_走_要_不满意_
234,价格,一般_入住_更好_完全可以_说_住到_建议_不满意_有_不要_完全隔开_入住_不方便_
235,酒店,小_还不错_也可以_
236,价格,不上_不会_都没有_很差_糟透_很差_很脏_好_再考虑_说_用_有_订_上网_坏_昏暗_包括_是_
237,酒店,打开_有_看见_小_可以_
238,酒店,挂_有_
239,房间,非常好_一直用_
240,酒店,每次冲_掉_很宝贵_浪费_应该_还是_不能_是_还可以_不断_出现_自动_就是_有点旧_坏_节约_用_就把_流_
241,拱北,不错_不好_豪华_还不错_太小_好_太草率_服务_
242,酒店,直呼其名_还臭_违章_到_应该_是_买_说_住_只能_到_是_是_用_所谓_只有_登记_甚至可能_是_洗_一看_很小_成_在叫_后续改建_
243,保定,给_加分_是_说_应该_最好_
244,酒店,可以_吃饭_也没_比较偏_是_
245,房间,也没有_进出_居然小_要_洗_相当差_是_说_大_直接排到_全是_开门_澡弄_
246,酒店,吃饭_是_可以_比较偏_也没_
247,酒店,比较陈旧_较贵_算是_
248,酒店,服务_优越_不错_很好_
249,老外,还会_值得_说_就好_希望_订_是_不错_住_来_住_再便宜_能_再谈_太高_
250,房间,很近_很好_
251,彭年,很多_不方便_停车_有_感觉_差_尤其脱离_太处于_
252,时候,都不错_非常好_入住_
253,脸,还可以_卫生间糟糕_处在_坐_想_最好_发液_排水_可想而知_不畅_可怜_透_也小_靠_建_是_还是_结果是_本来是_都没有_住_左肩膀靠_而且放洗_只有_开业_
254,服务,很好_
255,长寿路,于是订_最差劲_办事_美化_住_是_却是_没有_
256,位置,有_老旧_还好_很大_很好_有_较小_
257,大床,理论_最值得_非常好_肯定_免费长途_是_去_１００元_没_是_去_多要_来_是_太小_要_
258,房间,不好_
259,酒店,小_说_普通_差不多大_结果安排_如何让_是_安心休息_如何区分_
260,事,不如_看_看_很少_自顾自聊天说话_童似_不见_也没有_
261,酒店,星级_无法忍耐_不会_很差_还贵_差远_服务_属于_住_
262,前面,下来_拍_都是_把_插_不新鲜_要_说_没有断_才起_这么做_是_最搞笑_
263,房间,就是_很干净_不算是_找_特别好_
264,总体,这么长_不错_去_在改建_扩建_还行_都是_就打_
265,酒店,是_比较一般_很好_不满_改进_不是_比较令_不理想_能够_希望_
266,环境,看看_就是_去_不远_可以_不错_无聊_
267,酒店,没有达到_
268,酒店,租给_满_太有_续房_订_说_没有_就把_没走_要_
269,价格,看到_是_同时结账_
270,酒店,有_还不错_太多_无法入睡_
271,装修,不错_都是_新_
272,桥,不住_
273,地角,打车_结果说_不着_很方便_宁愿加_淋浴_后改造_是_是_不贵_脏渍斑驳_很阴冷_很烂_来_堵_全是_安排_不知道_还是_不着_似乎是_先洗澡_步行_闪闪发亮_恶心无比_只有_也是_是_太冷_住_配套_怎么_吃饭_
274,南山区,吵_住_方便_都有_还算_就是_稍微有_办事_
275,酒店,爱_下楼_计算_很多_搭_连亲_不理_太差_还有_见_这样_要_是_上下班_不会_再住_
276,酒店,小_一拐_没有_很温馨_到_就看到_晚点_
277,装修,新_都是_不错_
278,位置,预期_只能_没有_差_尚可_要_远远看_
279,火车站,较远_不利于_还是不错_
280,酒店,但生_应_有_没有_炒_光打_就要_上_炒_不敢_声称_非常差_没有_不新鲜_有_很远_却有_非要_说_改点_较贵_应_说_喝_
281,房间,超大_总_
282,房间,只能_都是_不会_调节_因此感冒_不灵_廉价_睡_关掉_布置_非常一般_再去_是_简约型_极冷_
283,服务员,吃饭_说_成心坑_收拾_回_离开_问_准备_
284,硬件,下次到_还会_选择_也不错_住_不错_
285,酒店,很好_
286,酒店,少_紧张_有_不错_停车_很好_停车位_就是_
287,汤口,无疑是_
288,酒店,送到_感谢_吃完_要_小包留_将包_很感谢_打_很高_特别要_表扬_很快_大_遇到_总_很满意_
289,酒店,都有_比较乱_
290,宾馆,可能_会_首先感谢_提出_带来_潮湿_让_开业_还说_不足_睡_入住_觉_有_停业_反馈_较大_深感_不着_暖和_冷_凉_高_
291,饭店,还是可以_比较老_
292,卫生间,不方便_有_打_要_走_偏贵_招呼_
293,时间,进行_告诉_只有_到_预定_没有进行_预定_
294,南山区,还算_方便_吵_稍微有_都有_办事_住_就是_
295,酒店,比较有_很好_不错_
296,酒店,飞常好_不能_理解_免费上网_很大_装_不提供_修_是_
297,交通,还说_过去_宽敞_比较干静_
298,经济,不值_是_浓厚_一开门_进去_会_可能_更好_且无_
299,酒店,很棒_太符合_提供_还要_还是不错_收费_不愧是_就是_上网_
300,星,很整洁_相当不错_
301,房间,只能_睡_简约型_都是_极冷_布置_不会_关掉_是_廉价_再去_调节_因此感冒_不灵_非常一般_
302,海兴,还可以_差_去_一般般_
303,夜,
304,服务员,有_赞_
305,酒店,差_是_看海_很进_太多_不好_很旧_太制_很好_太脏比三亚_很美_很响_很晒_就是_到处是_好难吃_
306,价格,可以_出差_提供_就找到_还不错_住_只能_容易找_开车_去_建议_很准确_不错_住_不是_
307,地下,骗_是_不说_独立经营_当然应该_要_加房_
308,房间,太多_不好_
309,家,硕大_关心_来_好_一看_较重_没整理_建议_要_下来_可以_在于_登记_不是_最差_碰到_较小_也没_说_是_又是_蹿_灭绝_倒无所谓_入住_入住_能_等_主动去_实在扫兴_顶掉_回去_块掉_闹鼠患_也罢了_通知_小_下来_掉_吊_问_又爬_
310,服务,也高_很好_位于_
311,飞机,不住_伸_差点热_透气_死_都没有_所谓_免费请_碰到_全订死_只有_出去_太恐怖_能_住_只能_都要_都贴_
312,酒店,更好_算满意_不算_同等_还有_高_应该_
313,行政,想_或许装修_更能_选择_有时要_达_有_以下_等_感谢_还算方便_需_宝贵_严重泛黄_仍有_满意_较久_久有_较久_简易_不远_反馈_还算_就是_不方便_提供_中_共享仅_符合_能_是_套房_有_给予_
314,地理,恭维_靠近_不敢_
315,发水,自备_也要_
316,日本人,料理_那么差_做_
317,天府丽,不错_都喜来登_
318,客户,比较方便_一样_接送_到_比较好_比较满意_临近_
319,价格,糟糕_很小_不低_感觉_早餐难吃_不高_
320,酒店,接机_服务_不设防_蛮有_让_租车_扎进_
321,酒店,差_不热情_对待_
322,酒店,6F_很漂亮_毕竟是_免费开放_很是_看员_有_有些旧_很；_住_免费_不错_可以_看海_住_漂亮_一边可以_有_开业_免费_惹_
323,市内,才发现_打车_不过到_不错_要_比较满意_偏远_
324,期间,到_还是_一看_一样_订_豪华_位_开阔_还放_豪华_
325,瑞吉,首选_很讲究_是_非常舒服_最好_红塔是_老_
326,房间,就换_很旧_很差_
327,春节,还算不错_实现_能够_这样会_入住_非常到位_吸引_希望_
328,服务,很差_就走_才能_打开_叫_开_开_相当_需要_主动提_把_而没_
329,桐城,进去_不好_走_要_好找_打车_
330,酒店,入_住_比较简陋_贵_太有_
331,房间,还要_就休息_太差_在震_接_不好_
332,月阁,建议_又小_又好_都没_住别_又好_都是_太多_放_只有_失望_把_留着_更好_可以_又大_说_敢_便宜_写_去_玩_又便宜_提前预定_
333,酒店,很不错_很好_
334,设施,不敢_是_恭维_很一般_
335,设施,服务_可以_
336,人,太远_新_不方便_小且有_
337,当地,有_最好_
338,房间,居然收费_人工_打死_再住_
339,性价比,背_太认识_就算_不是_有_很方便_可以_又是_
340,酒店,耽误_换_不出_永远发_打_太差_不开_
341,酒店,赣电_勉强入住_定_不到_
342,交通,让_好_去_旧_便利_吃_订_吹毛求疵_可能_矩_随便叫_能够_显得_out_能够_有_明确_再见_给予_说_也是_超过_未收到_似乎有_出_很诚恳_可以_很大_几乎没_值得_过_类似_肯定知道_叫_比较深_再见_相比_最差_帮_类似_携程_不过要_吃_寒碜_联系_啥吃_订_吝啬于_
343,服务,大_告诉_别去_不能_有_不开心_加床_不答应_不愉快_分明_就定好_能_得到_出去_到_提前_说_能_并且定_帮忙_开_就是_沟通_把_解决_就是_不给_加_不能_闯_才得到_非常差_才加进_解决_后来打_不好_加床_空_都搬_发现_建议_真是_没_
344,地理,优越_相当不错_
345,朋友,听说_入住_来_游玩_选择_很便利_
346,南京,是_合作_不得_属于_星级_比较早期_怪怪_怪_才知道_就取_有_
347,酒店,选择_没有_没得_
348,自助餐,需要_同往_就知道_进_付_是_带_
349,房间,很大_很有_不是_
350,房间,
351,宾馆,就是_很不错_不太好_相当到位_太好_
352,装修,不够_不耐看_精致_低俗_还以为_甚至有_不注意_进_装修_不够_
353,装修,还是_说_是_升_要_
354,酒店,可口_不错_比较不便_相当实惠_不多_处_只是搭乘_
355,北京,很不错_
356,房间,接受_得到_都听_可以_很大_非常差_
357,酒店,就是_紧张_停车_很好_停车位_不错_有_少_
358,前面,是_不是_一样_住_
359,酒店,办事_不缺_比较少_最边上_适中_比较有限_入_较差_就是_是_比较低_还可以_还算_还是不错_自助式_到位_最方便_但去_是_
360,优点,比较先进_就是_会_突然没有_
361,字,有_不知_只住_不看_吃_不能_别说_连坐_会_没_看_住_拿单_该_说_没_不会_就说_告诉_管_在修_纸记_早上吃_要_是_好_当埸小便_
362,事,看_童似_很少_也没有_不如_不见_看_自顾自聊天说话_
363,海景,不错_最好_属于_
364,酒店,极其不便_较差_
365,酒店,很舒服_不好_住_很小_好_是_上_有_取缔_贵_上当_认为_去_属于_三星级_小_多能够_
366,服务,非常到位_提供_是_
367,房间,是_是_做_不会_却被_不要_怎么管理_挂靠_没有_却反馈_不到_反馈_给_告知_再考虑_到达_预订_没有_不真实_明明是_不知道_入住_已经没有_却搞出_
368,服务,正在肯_小_还以为_带去_发现_还可以_住_觉_咯吱_是_不好_惊醒_才跑_咯吱_被_还不错_一开_对视_一入_
369,标准,反而出口_蛮横拒绝_打折_就涌_入住_串门_不堪_错_类似_忍_有_去_更让_让_旧_住_扫地_完全是_用_交涉_碰到_破烂_换_感觉_想想_把_极差_只住_根香烧_出门_总_发现_发现_下来_能_总_气愤_是_上来_提出_伤_
370,地段,相当不错_得到_不小于_职业_使_希望_这牵涉_有_可能_下水_没有_报修_良性发展_可能_住时_再住_没有_服务_考虑_总_还会_出_专业_到_整夜发出_不够_特提醒_会_影响_
371,总体,不错_有所_感觉_
372,房间,才更换_不懂_改_宝贵_豪华_不能_给_说_岂有此理_真是_听_订_反馈_改正_却告_只有_谢谢_明明有_会_以为_老旧_干净_
373,交通,好_就是_太热_不错_服务_值得_
374,天府,比较合理_
375,单人,早餐不错_碰到_值_撒_不能_很人性化.呵呵_预定_没有提到_使用_
376,主楼,够_就是_服务_送_非常舒服_就能_自助_够大_还算新_也不错_非常满意_就是_不错_也不错_
377,隔音,不用_都有_是_是_不知道_都是_有_都一清二楚_住_休息_很差_
378,南京,很贵_很无可挑剔_选来_还是_能_谈下_选去_但愿_还是_就是_更优惠_
379,接线,很好_说_才入住_
380,汤口,无疑是_
381,酒店,陈旧_就是_很简陋_一般_未_
382,地理,逛_比较方便_比较便捷_
383,朋友,让_想想_离_来_就推荐_
384,酒店,满_服务_好像是_住_还满_旋转_有_不错_觉得_比较好_
385,周边,服务_太高_较差_慢_还可以_
386,房间,很方便_很好_主要是_能_
387,酒店,超难_不到位_有点旧_不方便_服务_
388,标间,都住_不是_挂_怪_不停_交_上网_怪怪_主要是_奇_快_还要_太刺激_能_上网_发出_
389,酒店,略显贵_有_感觉_不错_考虑_到_住_
390,房间,服务_太先进_还可以_太陈旧_
391,孩子,一打开_反思_应该_乱摁_去_不堪入目_怎么可以_怕_只有把_器藏_起来_就是_
392,房价,可以_号称_非常贵_又少_住_没有_想_烧_去_打_吃_都要_不好吃_附带_老旧_吃_几乎没有_看到_说_超难打_很低档_很远_
393,风格,不合格_烧_掩盖_不足_不周_到_蛮精致_狭小_很重_恐怕是_还是_但是有_
394,酒店,感觉_有_很浓_
395,宾馆,不贵_可能_繁华_还是可以_不是_
396,宾馆,还过_见_不符合_给_总_去_只有_最小_要求_订_特重_不行_是_
397,豪华房,显得_有些陈旧_还是_
398,协助,网_感到_
399,重点,推荐_星级_住_得知_
400,环境,离谱_也一般_小_小_服务_很老旧_
401,房间,很好_已经收到_留下_谢谢_赞_
402,酒店,比较旧_比较长_是_应该_
403,客房,需要_很远_走_不方便_到_到_弯弯曲曲_
404,酒店,洗澡_一般_是_没法睡_安排_会_涨_订_太差_要_给_希望_携程_未评星_应该_最差_更可气_一样_多么难受_知道_没睡_起来_是_严格审查_吵_服务_
405,环境,很旧_便宜_是_给_很破_不好_最小_是_携程_是_可_老_说_很吵闹_有_
406,人间,小_很完备_还是_有_
407,九洲,感觉_号称_没别_太大_换到_
408,总体,脏西西_就是_好找_藏_很重_不是_感觉_不好_感觉_
409,单人,小_用_基本够_有_
410,方面,都不错_较小_
411,硬件,请_再订_敲门_不会_打出_勿打扰_都一般_不舒服_
412,酒店,口路_是_不是_相当远_回去_又折_最后问_没有发现_是_入住_过_为_
413,酒店,不温馨_送回_进出_不住_打_不好_太差_太小_喊_把_最可气_钻_是_一直有_
414,网友,选择_是_不怎么样_还没有_
415,酒店,是_很小_然后乘_到_进入_
416,经历,才发现_还行_还行_点评_快捷_接受_基本上能_怎么睡_感觉_吵_受_到_在跟_就去_说_睡觉_还有_超小_好像感觉_是_别住_有_以后打死_还是_比较强烈_震_好_才是_感_感觉_到_都是_差点被_换到_不了_所以到_是_还是能_住_毁掉_不住_还是要_开始_怎么休息_差不多_
417,酒店,要_接线处_已坏_发现_小_注意_锅_还有_送房_
418,里面,比较一般_太旧_觉得_住_太好_使_洗_太干净_
419,设施,不是_招待_就是_一般_
420,房,很大_小_有_有_专门_洗_也有_还有_很新_很漂亮_一样_大_
421,洛阳,也不错_还是不错_服务_也可以_
422,房间,支付_再安排_需要_这样_还要_很大_住_算_没有_是_去_有_相当陈旧_还可以_很一般_住遍_先结算_没有遇到_只能_不会_
423,设施,可以_服务_
424,设施,比较旧_
425,房间,讲_双层_定_极大_加装_太差_
426,店,很好_难找_也算_完备_接送_拥挤_难找_感觉_住_数次颠醒_一路上被_
427,天,没有_没有_
428,先生,刷_还打算_给_竟然可以_不会_卡_不是_发现_要_实际是_回复_最后会_当做_真是_撕_刷卡_结账_将入住_另外找_走_不知_没注意_不知_在离开_一般_8/29入住_仔细想想_打_提供_离开_是_回来_都要_会_不知_就用_都没_不了_跟进_又说_给_怎么样_点评_到_补充_
429,网络,换住_更应该_都是_连锁_尤其是_预订_提供_不能_合情合理_灵活_
430,酒店,对_五星级_可以_还算_起_
431,手续,不是_不推荐_不佳_服务_太好_花_
432,客房,好_服务_很丰富_够干净_
433,房间,没有给_是_是_很吵_可以_使用_很重_没有给_让_定_定_总_当闹_失望_很清楚_听_结账_盖_
434,宾馆,入住_方便_是_就是_一定要_建议_要_很响_远离点_这样可以_尤其半夜路_出现_很方便_很大_选_
435,酒店,背_也没有_非常简陋_关键是_不敢_帮忙_开_就是_无障碍_不满意_休息_更没有_招待_改建_
436,房间,太差_再选此_没安装_有_再去_不会_
437,四星,不提供_符合_无法打_免费_有_瓶装_不知_才代理_服务_到_免费注册_远_不提供_说明_诚聘英_不提_瓶装_缺_
438,酒店,新_健康_还是_是_比较老_很值_比较陈旧_不是_一般_很小_所以感觉_还是_坏_来_
439,性价比,满意_难以令_增加_主要体现_希望_
440,位置,不行_可服务_挺好_
441,床,非常好吃_太差_赠送_发出_吱嘎_
442,服务,差_太差_有_不错_
443,奥运,近_不住_
444,VPN连,不错_把_设置_表扬_
445,龙,是_管理_原本看上_是_
446,门缝,都要_叮.晚间有_太阔_一样_被_又潮_又湿_是_最差_
447,宾馆,冷_深感_有_不着_还说_凉_潮湿_开业_停业_高_反馈_睡_暖和_带来_提出_较大_让_首先感谢_不足_会_可能_入住_觉_
448,地理,很好_使用_经常拒绝_差_差_大_无法下箸_
449,芜湖,看_这样_爱好_住_住_有_订_不过去_之后觉得_住_要_应该_窗前有_好_还算不错_大_吃_住得_心有余悸_不好_
450,好评,再让_再来_决定_再体验_决定_失望_不打算_住_
451,酒店,还是秉持_临_较高_比较旧_入住_可以_有_
452,房间,太小_不清楚_
453,房间,尚可_还满意_很大_
454,房间,是_吃饭_差_脏_可能_坏_下次来_不等同_总结_了_出来_是_乱_搞_怕怕_不住_没放_坏_好像没有_是_
455,酒店,不得不吃_很小_只距离_还算_提出_协调会_可_小_不错_专门召开_还收600多_都困难_才打开_入住_粗糙_反馈_可以_进行_豪华_工作_大_是_可房间_竟然没_只吃_弄_非常抱歉_以为_住_带来_是_
456,房间,
457,酒店,还好脏_进_设置_确实旧_换_都有_还有_附送_送_每到_可以_很温馨_不错_带_好破_保温_
458,价格,也无所_属于_有_比较方便_适中_小_
459,酒店,住_很熟悉_经常入_
460,问题,是_是_不好_很潮_旧_
461,月阁,只有_又好_放_更好_又大_都没_敢_写_又小_便宜_玩_又好_住别_失望_可以_都是_留着_去_又便宜_提前预定_说_建议_太多_把_
462,人,难以忍受_充点评_
463,价格,住_贵_
464,房间,比较舒适_整洁_良好_还是_明亮_
465,酒店,太烂_大型_是_很差_
466,标房,收费_有时会_都是_这样_没有_窗看_换_到底_还会_是否_免费瓶装_强烈要求_很美_再去_大_推开_给_订_然后换到_肯定会_有_不知道_突然不制_冷_上网_
467,楼下,很偏僻_打车_说_住_实在是_想_出去_吃_还要_不值得_
468,外观,还干净_小_另外收_
469,酒店,非常一般_很老_不复合_
470,整体,没有达到_比较慢_五星级_
471,酒店,有点像_又小_又脏_实在差_太差_
472,地理,逛_比较方便_比较便捷_
473,服务,很好_
474,酒店,大方亲切_彬彬有_
475,酒店,不满意_有_
476,前台,不错_响应_会_合理_有_能_很有_推荐_很快_
477,态度,不着_还不错_很差_不同_很小_说_吵_睡_还漏水_退房_也许是_
478,房间,很大_干净_但没有_还算_
479,酒店,是_健康_一般_坏_不是_很小_新_比较陈旧_来_还是_还是_所以感觉_比较老_很值_
480,酒店,并没有_不怎么样_都是_住在_用_搪塞_收费_害_寄存_不是_怕_提出_公用_携程_不高兴_都有_没敢_很失望_怕_好有_而是_很好_不是_一下公用_付钱_找_睡觉_感觉_很一般_很近_不好_徒步爬_满足_不过话_有_说_服务_回来_都收费_不悦_倒_乱七八糟_很是_打搅_搞笑_甚至说_到_跑_拿_但做车_就有_比较方便_还摆_离_不方便_很干净_却搪塞_
481,价格,不低_很小_糟糕_感觉_不高_早餐难吃_
482,公寓房,不适合_差_入住_
483,飞机,良好_不算_入_出门_挺客气_还敲下_很大_挺快_打_很合理_很慢_事先询问_一定要_足疗_走_不要_很简单_会_指_用_有_来_人往_到_有_肯定会_把_到_遇上_值班_要_收到_打_过来_招呼_也满足_够_还有_睡_有_不靠_走道而言_关心_铁定_预定_很简洁_干净_就能_也合适_要_听见_经常断_还有_就是_敲门_不错_足够_挂_出去_都会_就来_比较差_问_打_
484,床,太小_半夜来_早_够_干净_星级_淋_还好床_是_很怀疑_差_处理_堵塞_
485,酒店,正好是_出差_办事_
486,晚,小_再_不错_很不错_是_让_相信_比较舒服_很不错_是_住_觉得_
487,酒店,就有_还不错_
488,酒店,无缘入_也一般_步行_住_装修_提醒_只是_太不值_还是内部_恐怕携程_已经落后_是_不如住_
489,房间,略显_简陋_还有_有_还是_很不错_
490,旅馆,完_硬_赶紧走人_进门_梳_很肮_刚洗_擦洗_去_很肮脏_刚开_很生_出_都有_不是_换到_太可怕_小_很小_大_发现_所谓_消毒_连梳头_不想_动手_吃_脏_
491,房间,很小_都不如_相差无几_
492,房间,还算_干净_很大_但没有_
493,酒店,说_不负责任_打给_没有接到_说_订_还答应_打_到_打_说_实在是_不要_不说_打_没有接到_随便住_可能_接_完全是_要_没有接到_建议_实在是_说_住_晚点_上_说_回来_是_差_无法联系_可以_到_完全没有_太差_还好意思_
494,酒店,很好_还不错_
495,喜来登,确实不错_五星级_标准_是_
496,房,怎么无_协助_给_给_及时发现_换房_还是_结果忘_未给_值班_投诉_要_遗留_回复_回复_及时通知_不知四_说_投诉_打_并要求_
497,网上,是否_还给_问_入住_打_扣_要_套_住_订_只入_
498,卫生间,偏贵_打_要_有_走_招呼_不方便_
499,服务,尚可_感谢_也会_但被_努力_颇为陈旧_欢迎_反馈_服及_服务_再次光临_
500,国情,比较高_还是_
501,设施,感觉_不想_装修_
502,兰州市,有_有_请问_问_是_因离_快快退房_到_〞_要_说_到_问_比较远_竟然问_不需要_是_要_也花_是_问_很冷_也是_就到_进到_有_看_说_太晚_完全感受_多要_说_只有_认为_太冷_太勉强_比较偏僻_１１元_打_也无能为力_停_选择_问_可以_登记_不想_帮_不是_遍_需_加上_去_当时发现_好选择_问_充点评_说_最没有_２楼吃_最差_为什么要_没有_吃_３３０元_不要_含_就算_帮忙_不到_不知道_不合理_服务_说_早餐_可能_打车_都是_就感到_特奇怪_是_是_可能_〞_订_受气．补_开始_但是没有_多说_入住_打车_才找到_没有_还要_而且找_
503,酒店,为_经济型_如家_是_还称_
504,星,没有_修_补充_没有服务_还算_中等_都懒_到处空荡荡_大_跟_住_都差_舒适_没有_浴缸_似_至少是_很差_最差_服务_叫_多是_已经脱_点评_坏_没有_来_
505,标准,较大_服务_不错_
506,酒店,可以_就是_太好用_看到_不错_很热情_还是不错_
507,酒店,只能_后续改建_住_是_登记_很小_是_买_应该_洗_成_只有_用_违章_直呼其名_是_是_到_还臭_一看_到_说_甚至可能_所谓_在叫_
508,房间,一般_还算_住_值得_
509,酒店,说话_不方便_非常茶_快速_不含_听_住_只是_外出_所谓_不好_只好躲_太好_比较陈旧_620NET_打_服务_太没有_是_是_很有_少_非常清楚_携城_
510,酒店,尚待_也好_很近_
511,宾馆,不太好_很不错_就是_相当到位_太好_
512,星,没_要_很慢_进去_再去_进_不会_住_打_管_
513,酒店,简陋_肮脏_绝对是_可怕_
514,地理,好找_很方便_出差_
515,价格,够好_太高_
516,长宁路,太长_
517,酒店,很不错_住_比较合适_去_推荐_
518,月,很方便_当然好啦_已经住_
519,时间,比较安静_临街_太大_所以服务_有_没有_很不错_住_是_很长_还是_
520,酒店,怎么评_住_没有_下来_订_也许是_是_正好下雨_要_很少_只有_也掉_在漏水_搬行_不知道_是_吃_去_就是_要_不坐落_
521,服务员,5:00离开_让_很热情_体贴_十分温馨_准备_感到_
522,环境,挑剔_没_可_都不错_
523,单人,很小_
524,位置,不错_比较大_
525,服务,还可以_很方便_想_倒是_吃_饿_别住_一般_不方便_睡_般_坐_吵_好觉_已经搬家_
526,整体,感觉_有序有_规范_很破旧_热_收费_很齐_递交_有_吃_收到_而且排列_很陈旧_右_出门_而且有_起码能_很干净_很脏_还要_让_错有_过_有_很周到_过_还有_饱_很少_不到_亲切_不方便_
527,硬件,大_很吵_不符_挨_太旧_偏高_
528,大床,看到_一点高级_
529,酒店,不到_勉强入住_赣电_定_
530,当地,联系_实在找_于是想_高挂_入住_都知道_用_没有_没有_下楼_感觉_找_有点成旧_手试_去_只得_发现_挺高_有_不到_
531,房间,陈旧_全是_
532,安全,忘_正好看到_就叫_开_
533,三亚,大_纱照_拍婚_是_一起去_组织_去_度假_
534,酒店,大_洗_免费帮_住_象_再来_以后有_想_还住_洗_有_有_还有_要_真的不错_送_给_帮_
535,招牌,衷心祝_推出_反馈_再住_基本属于_有_不会_促销_保持_再次下榻_星级_欢迎_感谢_将一如既往_一般般_顺利_新_下次应该_
536,饭店,整洁_只能_用_很小_形容_比较旧_比较干净_
537,天津,最差_玩_
538,房间,有_很可怕_各种各样_铺_缝_浴到_恶_见_不干净_做_少见_宽敞_亟待改进_小_几乎放满_黑色_所以可以_收费_坐_办_填满_入住_是_宽敞_很舒服_半躺_高雅_套_
539,四星,不值_
540,酒店,高_比较齐_太方便_较高_不错_停车_而且收费_
541,酒店,零星级_星级_
542,交通,不是_不方便_不方便_
543,按摩,再打_无法用_搞_照样打_不要_拖_交押_一定要_很烦_不然存放_取钱_告诉_打_
544,服务,终于忍_换_太差_这么贵_太旧_不到_不住_根本达_还要_
545,酒店,转_好找_很安静_没看到_才找到_长_1600弄_
546,星,或没有_降到_就这样_
547,缺点,评价_非常慢_比较老旧_只是大扫除_
548,网上,就开_入住_住_要_预定_没有问_
549,香港,订购_办_很方便_
550,拱北,豪华_不错_太小_好_
551,酒店,住_贵_比较简陋_太有_入_
552,湖景房,也收拾_很干净_就是_很不错_稍旧_
553,四星,没按摩_倒是_有_
554,饭店,表扬_要_快速有_周到_星级_有_服务_非常服务_
555,优点,没有小_没有_送_不错_也算_在装修_还行_很棒_稍有陈旧_完全睡_被_极差_很热情_就开工_隔壁_非常好_都有_不着_有_非常丰盛_很快_吵醒_来_没有_从别出弄_特地帮_比较有_方便_房送_说话_
556,酒店,不方便_没有_
557,房间,有些陈旧_
558,北站,很干净_很近_相对没有_长途_不含_
559,服务,旋转_欠_很差_不转_太旧_
560,优点,软_很舒服_
561,位置,不是_打_到_太好_
562,携程,并不高_
563,农历,理解_out_很重视_不了_取_不错_十分混乱_预订_较简陋_服务_净洁_是_还可以_感觉_使_害_取消_入住_苦等_做_唯一可_就走_还是住_用_很礼貌_唯一_不考虑_下订_再入住_有_
564,入住,给_曾打_没找到_申明_找_需要_提前预订_接机_来接_仅供_参考_托_
565,个人,所谓_是_甚至看到_大_不好_只能_有_是_感觉_顺_牵_好像有_不专业_还是_找_感觉_有_都没有_
566,超差,来_不着_建议_开_不要_找_住_
567,酒店,没看到_好找_长_很安静_1600弄_才找到_转_
568,行政,选择_以下_不方便_需_给予_达_还算方便_不远_套房_是_更能_反馈_宝贵_符合_满意_还算_较久_久有_想_共享仅_仍有_有时要_提供_简易_或许装修_能_就是_中_严重泛黄_等_有_有_较久_感谢_
569,地理,在_佳_
570,酒店,被_接_给_之后派车_真好_截_
571,酒店,是_比较有限_入_还是不错_但去_还算_到位_最方便_就是_办事_比较少_最边上_还可以_自助式_是_不缺_较差_比较低_适中_
572,上面,有些不安_
573,酒店,就是_小_很旧_很小_
574,酒店,想_更差_改为_尝试_大_住_再住_反馈_原订_不会_决定_造成_
575,酒店,很舒适_不错_
576,山西,定_
577,观景房,轻轨_太低_很近_不到_住_看_很好_
578,海景房,入住_好找_没有_又把_靠_是_就是_太小_都是_稍好_也是_到_可惜_偏高_不知是_开热水_太大_入住_烫_要_死_
579,客人,觉得_已经住_继续_保持_希望_挺不错_
580,酒店,比较方便_有_去_方便_还是_比较新_
581,房间,以前有_是_睡_找_还是_还有_不着_黑黑_不知道_不到_不是_连倒_干净_出来_煲_没有_投诉_没洗_有_就拆_都有_
582,酒店,非常差_很浓_有_
583,意见,感觉_很舒服_很暖和_蛮大_是_很近_特别关注_很干净_有点旧_还算_如下_盖_
584,酒店,不好_漏风_住_排_
585,特价房,做事_排出_不隔音_住_出来_见面_走到_基本是_相同_听见_还有_很清楚_隔_主要考虑_都能_在_非常小_才去_用_临近_很差_就是_
586,人,深刻_比较低_
587,13楼,是_很旧_很吵_如家_不及_所以到_久远_很差_有_太好_还是有_还有_是_
588,酒店,又脏_可以_还算_接受_又旧_
589,房间,没有_比较旧_不错_
590,实话,新_携程_星级_根本比_可_吵闹_没到位_有_不明白_携程_老_不好_携程_便宜_定_说_不会_不相信_点评_不上_大_定_是_不怎么_启用_
591,房间,较大_比较宽敞_星级_
592,人,仔细核对_打_也好服务_有_还会_好_说_结果好_还心有余_不得了_评价_真的是_
593,热水,还要_还可以_爬山_太郁闷_
594,酒店,越来越差_收费确是_欠_一样_杀_每去_不知_酒店去_只能_一样_
595,设施,紧邻_推荐_吃饭_自带_不放便_不错_太差_很不错_
596,环境,很干净_不错_
597,网上,更让_询问_非常感动_回去_感到_入住_买_太好_较近_之后感觉_不至_发生_要_到_还接到_有_返程_还帮_输液_选择_异地_不是_并叮嘱_拨打_多注意_只要到_给予_所以选择_及时帮_身处_可口_入住_一定要_彬彬有_入住_送上_让_关心_陪_到_感觉_吸氧_还将_突发_十分便利_提供_服务_行行_好转_还不错_临_
598,酒店,告诉_非常愤怒_更低_让_入住_携程_满墙_能_恶心_热情_给_签_死_而且没有_是_
599,彭年,停车_有_不方便_很多_感觉_太处于_尤其脱离_差_
600,感觉,很安静_还可以_也好_
601,酒店,超级恶劣_
602,九江,算是_难得_
603,酒店,非常差_有_很浓_
604,房,延迟_坐_离_坐_只是希望_打到_一样_非常有利_可_太贵_可以_还是有_是_打_早餐收费_
605,酒店,而是_典型_很有_不是_很清静_还算_选择_方便_是_
606,拱北,有_送到_没有到_有_了解_吃_酒店安排_可以_不错_步行_充足_改住_到达_很大_要_有_豪华_开始_多够_很方便_预定_太小_到_出发_
607,酒店,每去_一样_只能_欠_一样_不知_杀_收费确是_酒店去_越来越差_
608,迪斯尼,很方便_没来_来到_找到_入住_过_不见得能_
609,酒店,巾洁_较一般_但被_服务_白_
610,酒店,还会_入住_小_不错_
611,长宁路,太长_
612,复试,不方便_不错_感觉_很好_需要_就一般_就是_就可以_就有_出门_躺在_看见_前台_
613,酒店,欢迎_感谢_还有_很方便_一般_基本为_一般_宾馆反馈_再次试住_应该_新装_
614,设施,不想_装修_感觉_
615,酒店,也撤资_旧_
616,印,干净_整洁_很好_时尚_很快_
617,房间,用_相信_看_是_巾千万别_很脏_不会_用_发现_要_并踩死_假_自备_
618,优点,比较安静_高_不高_加上没有_好_比较合理_温馨_简洁_不足_
619,大堂,住_很舒服_不怎么样_可_
620,酒店,不知道_较优越_怎么走_较好_
621,中归,住_下次来_接受_还会_特别好_还能_应该_
622,价格,小_也无所_比较方便_属于_适中_有_
623,设施,太陈旧_很差劲_恶劣_
624,房间,略显_还有_有_很不错_还是_简陋_
625,期间,还是_还放_一样_豪华_开阔_一看_订_到_豪华_位_
626,房间,可能比_更高级_很不错_不上_
627,卫生间,特别小_
628,酒店,差_不热情_对待_
629,性价比,就算_背_很方便_太认识_又是_有_可以_不是_
630,店,算_进入_满_一圆_大_恶_就是_是_粗_来_完全没有_住_进门_勉强能_是_爬到_有_老_被_不言而喻_应_感觉_最要命_大_完全翻新_最贵_很大气_改_怀_
631,设施,再检查_唯一洗澡_但对_请_反馈_服务_完善_比较严重_挺好_会_维护_洗澡_很不错_旧_首先感谢_忽冷忽热_谢谢_现有_
632,地理,仅需_步行_不愧是_
633,服务,位于_也高_很好_
634,酒店,熏_没有住_出来_就被_开_不见_老臭_减少_一进_这么小_大床_
635,星,多是_感觉_
636,中银,非常好_
637,服务,乱收费_不好_收取_
638,预定,不满意_仍然收取_有_到达_可_
639,房间,太小_洗_令_说_一样_是_拖拖_还好_就像_以后没有_有_就是_吐_想_完_
640,设施,是_住_补充_傻_不在_说_差不说给_不负_饱受_简陋_公共_严重鄙视_个个装_找_未果_折磨_干涉_忘_巨大_推说_
641,酒店,还需要_很好_收费_是否应该_改进_宽敞_还是不错_整洁_柔和_
642,理由,差_反复打_坏_不选择_停_无_才要_住_来_浩海_是_
643,酒店,
644,南方,不好_是_迎宾_这给_让_宾至如归_询问_可_接着推荐_高_以为_娱乐_去_有_
645,酒店,偏暗_压抑_刚装修_偏低_有_给_很漂亮_
646,房间,太差_
647,环境,不错_
648,酒店,恶劣_太利害_不符合_几乎没有_考虑_不符_星级_
649,大床房,靠_好逛_顺便搞_有_还放_免费_马上介绍_可以_免费_有_在经营_有_很好闻_很热情_看_不错_还是_表扬_挺美_出_入住_很喜欢_挑_大洋_是_买_也漂亮_要_借_问_帮_SHOPPING_有_还有_可以_登记_有_
650,酒店,要_比如家_觉得_筹_高出_
651,时候,入住_非常好_都不错_
652,电话,给_还总_问_不好_
653,房间,很干净_
654,天,没有_没有_
655,整体,感觉_住_还会_推荐_是_还不错_忘_
656,商务,去_买_不正规_包_买_最后中断_拉_突然说_有_
657,床房,非常满意_
658,房间,说_好_收费_停车_怎么体验_小_还要_不知道_是_很重_
659,公司,接近_较近_所以选择_普通_很有_
660,交通,稍显简陋_基本到位_但值得_
661,方面,值_都一般_太高_还可以_
662,无锡,配制_干净_液镜_粗心大意把_住_入住_掉_可_是_间接提升_很贵_感觉_回来_赞_如下_马上送回_都是_最值得_还有_不是_很难得_捡后_
663,山西,定_
664,房间,却没有_预订_太大_很陈旧_只能_住_大_
665,价格,居然没有_老旧_
666,离海,不是_老式_很近_老式_很新_
667,市内,要_不过到_偏远_不错_打车_才发现_比较满意_
668,服务,还可以_好_
669,吉林市,找到_最好_
670,酒店,也没有_帮忙_不满意_就是_无障碍_休息_非常简陋_关键是_更没有_改建_招待_不敢_背_开_
671,酒店,可以_五星级_还算_起_对_
672,携城,接机_豪华_折_打完_是_到_蛮准时_还算不错_服务_预定_是_
673,服务,差_勉强有_更好_偏低_偏低_偏长_供_薄_星级_薄_
674,酒店,再选_不会_要_不是_肯定_靠近_襄樊_没有_连锁_
675,酒店,
676,房间,合适_比较旧_
677,兰州市,需_吃_订_最差_不需要_含_〞_说_而且找_认为_加上_充点评_可能_是_帮_不是_受气．补_为什么要_特奇怪_是_到_只有_打_说_竟然问_不要_问_帮忙_也花_好选择_说_问_要_还要_很冷_遍_多说_完全感受_有_进到_因离_说_请问_都是_选择_多要_问_也是_没有_１１元_太晚_要_登记_快快退房_比较远_太勉强_可以_２楼吃_有_比较偏僻_才找到_说_问_问_就到_不合理_就感到_不到_是_打车_去_没有_不想_最没有_早餐_是_太冷_但是没有_就算_停_服务_有_看_〞_打车_不知道_是_到_可能_开始_当时发现_入住_也无能为力_３３０元_
678,瑞吉,不到_红_服务_很好_但感觉_还是_
679,房,非常小_有点像_过_住在_只有_不好_
680,酒店,有_很合适_远_相当新_不错_招待_
681,春节,不知道_平时_高_住_有_入住_这么可_不是_旧_还不错_太小_选择_还会_都是_而且显得_很方便_可能_比较有_
682,马路,入住_稍安静_最差_不会_是_特别是_在刺耳_挂_却有_都是_
683,酒店,只有_太简单_KTV包_还放_公用_很薄_送_不到_还找_非常差_叼_到_简陋_是_
684,购物,太小_较方便_
685,朋友,没有定_不好_竟然说_担心_还_联系_要求_预定_
686,酒店,还是不错_
687,单人,预定_没有提到_不能_碰到_使用_值_很人性化.呵呵_早餐不错_撒_
688,人,比较干净_觉得_预想_还可以_有_入住_好_
689,设施,很不错_推荐_吃饭_太差_不错_不放便_自带_紧邻_
690,要求,写_安静_要_
691,位置,少_没有配备_难找_有_
692,优点,高_简洁_比较合理_不高_好_比较安静_不足_加上没有_温馨_
693,携程,中归_星级_是_衷心祝_将一如既往_应该_出_不大_再来_听_再次下榻_感觉_搞_登记_入住_绝对是_促销_日常_订_来_顺利_看_还是_似_赞_想_很快_顺利_就是_推荐_也是_就到_还送_感觉_打_整洁_还是做_但是感觉_非常干净_挺温馨_星级_欢迎_训练有素_不错_新_不错_感谢_有_保持_决定_说_反馈_推出_
694,物有所值,
695,离西湖,要_不是_不到_把_走走_探_近_是_面对_基本看_出去_勉强看到_
696,酒店,不如以前_感觉_不够_看来_
697,美国,严格控制_
698,北京,延误_已经半夜_
699,传说,不同_不说_最好_
700,大堂,不怎么样_住_很舒服_可_
701,宾馆,都没有_不通风_
702,酒店,太小_也不至于_办理_也感觉_放在_这么小气_好_是_感觉_不是_好_用_打扫_起来_要_说_不像_是_三星级_比较旧_入住_不用_才送_具_感觉_醒目_还是找_特意把_
703,住,得到_
704,位置,吃饭_方便_有_
705,酒店,那么麻烦_根本看_不想_不到_还是_费尽周_不见_觉得_升级_仍然希望_好_不应该_能_及时改进_说_才开到_最重要_也影响_薄弱_一听_住_入_折边打_不能_起来_不足_难体现_后来觉得_不觉得_有_仔细辨认_免_害_是_保安带路_以后入住_贬_可贵_道歉_是_怎样过分_也体现_入住_只有_看到_出来_点评_交_找_跑来_还会_体现_真实_有_回_让_确实感到_依然看_是_安排_到_要_积极发现_不到_入住_难能_让_绕错_带_就反映_找_咨询_正好下_如此_集中_及时道歉_考虑_
706,信号,一般般_最差_最多_不低_定_就是_是_补充_评_一会没有_
707,羽绒,很干净_够厚_有_
708,展会,被_告知_定单取消_晚到_
709,总体,不错_有所_感觉_
710,地理,好像叫_订_只是_比较旧_刚开房_靠近_是_唯一_比较大_大_有_睡_起来_
711,酒店,有_不到_方便_仓促_而订_
712,电梯,只能_一般_爬_不大_
713,酒店,要_高出_筹_比如家_觉得_
714,保定,应该_最好_发现_是_
715,保定,是_发现_最好_应该_
716,房间,住_再小_最小_小_不能_最小_是_也是_
717,酒店,邻街_很冷_要_高_竟然是_还是_入住_来_罩_说_说_仅代表_∼〞_旧_〞_不能_拿_差_比较满意_下次去_打折_没有被_后来拿_用_很小_不针对_起索_敲门_说明_不是_那么自然_厚被_令_竟然没有_装_携程网_能_不会_打折_竟然慢慢_粘满_便宜_还便宜_成_作呕_服务_要_
718,酒店,没有达到_
719,携程,入住_预订_
720,朋友,不好_竟然说_还_联系_要求_没有定_预定_担心_
721,汉庭,不清楚_订_是_是_新_产生_高级_至今困扰_快捷_入住_有余_已记_
723,房间,很好_小_老牌_差_毕竟是_
724,半天网,不去_答曰_问_都上_坏_
725,船,宾馆_去_定点_几乎成_
726,技术区,星级_感觉_不起_很不错_唯一_
727,事件,
728,房间,也干净_适合_不错_比较清洁_也好_
729,房子,还不错_不值得_还好_
730,海天,是_换_没有去_已经睡_管坏_很脏_住_所以采光_不好_很好_太好_不是_比较小_
731,房间,太差_
732,房间,可以_就是_还算_旧_
733,酒店,陈旧_一般_不副实_严重上当_就是_豪华_就是_严重_所谓_多出_
734,酒店,到_要_刚结束_是_过来_投诉_才送_也没有_早餐结束_下楼_不肯_被_晚_承认_例行送_不高_但服务_没住_打_没_下楼_问_是_最可气_太差_提前_骗_
735,芜湖,订_好_还算不错_住得_住_心有余悸_爱好_有_大_不过去_要_不好_住_这样_应该_吃_之后觉得_看_窗前有_住_
736,北京,住_最经济_就定好_算是_实惠_出差_最好_不错_又是_
737,电话,转礼_不知道_也分_不熟悉_有_问_总算说_让_不清_到_说_标志性_
738,交通,不是_不方便_不方便_
739,酒店,不得了_下手_睡觉_关_亮_找_根本没有_不到_没有_到_不打_太密封_抢_离地有_取煎_排队_就得手_也没_不引导_
740,酒店,还不错_不大_比较舒服_
741,感觉,还不错_不住_很差劲_
742,酒店,都会_很方便_指定_
743,房间,宽敞_没有_不成_淋浴_很干净_挂_只能_小型_液晶_
744,酒店,就是_不见_登记_竟然是_洗澡_不住_没热水_到_准备_不在_穿_没有_只得_入住_没有热水_坏_要_到_极其恶劣_打_明知道_没有_一次性_发现_说_质问_预先告知_就退房_
745,饭店,说_还敢_给_代_该_不知_新_都是_是_旧_携程_好好把_换过_是_
746,拱北,开始_有_了解_太小_送到_很大_豪华_酒店安排_有_充足_可以_到达_预定_出发_要_步行_吃_不错_多够_到_没有到_很方便_改住_有_
747,学校,比较高档_打_读书_不错_挺舒服_曾经带_去_是_
748,垃圾,打_最少有_是_还有_开业_残旧不堪_
749,卫生间,特别小_
750,酒店,有_不满意_
751,卫生间,算大_出租车费_吗离_不错_
752,酒店,回去_都不足_都是_想_只是用_开业_是_含_没有_又放_不晚_是_硬梆梆_吃_兜_只有_不敢_喝粥_吃_到_看_洗_不运营_蔓延_差到_又冷_找_都冷掉_拉_用_不想_小_蟋蟀叫_只能_更是_不到_独立_淋_最糟_至少开业_也有_太差_不是_差_起_不时有_很冷_真是_会_拿_没有_是_也旧_吃_
753,预订,看_
754,标间,干净_感觉_不好_不好_不台_
755,四星,远_才代理_免费注册_诚聘英_不知_缺_到_不提供_有_不提_无法打_免费_说明_不提供_符合_服务_瓶装_瓶装_
756,外观,还干净_另外收_小_
757,人,还满意_感觉_
758,酒店,稍显陈旧_是_略显_吃_较多_很好_但明档_整洁_不到_
759,酒店,让_赠送_拉肚子_不好_发现_是_慰问_入住_前来_正担心_有_
760,卫生间,干净_很脏_还算_不干净_
761,地理,就是_太差_
762,酒店,号称_不大_经常要_落成_非常差_最好_不齐全_是_不干净_新建_就大失所望_提供_很小_非常迟钝_一进去_无线_断_不推荐_也选择_说_
763,设施,很不错_不算_挺温馨_新_
764,环境,感到_十分棒_住_特别安全_
765,标间,很挫_给退_就是_介绍_把_听_晚_住_纱_代售_是_唯一_带到_乱叫_连忙把_有_大_订_住_是_
766,酒店,
767,价格,贵_住_
768,携粉们,还是说_细说_称_差_真没_不上_是_
769,酒店,配_不上_
770,群众,不知道_迅速_服务_可能_是_是_确实奇差_有些暴发户_雪亮_
771,酒店,大床_不见_减少_老臭_这么小_出来_开_就被_没有住_熏_一进_
772,设施,比较旧_
773,服务,有_混_全是_不好_太黑_免费_开_
774,差差差,大_太差_有_几乎等于_有_太差_极差_
775,酒店,以后有_还住_给_帮_洗_有_再来_住_有_还有_要_免费帮_大_送_想_洗_象_真的不错_
776,大堂,达标_可以_没找到_
777,方面,值_太高_还可以_都一般_
778,酒店,比较偏_吃饭_服务_没有_还不错_就是_
779,早餐,
780,星,不能_要_带_使用_注意_
781,北京,也喜欢_是_住_最差_不下_住_住_再到_亮马_建国_
782,服务员,说_登记_见_用_说_消费_说_再用_只能_可以_事实上证明_不可以_很大_见到_问_才用_是_并没有坏_消费_用_就把_退房_收到_不能_是_用_有_消费_理论_很旧_用_之前是_要_作_那么强硬_为什么会_不做_女_有_消费_消费_赶_就帮_可_不可以_一直觉得_说_坏_说_消费_就坏_但建议_男_不可以_用_坐_入住_反口说_说_反问_可以_
783,长春,门坏_不好_很失望_但是入住_还算不错_之后感觉_感觉_查阅_陈旧_空调_
784,客房,还不错_非常好_还行_只是停车_就差_太好_属于_考虑_还不错_不方便_还会_入住_
785,携程,到_居然有_也表示_怀疑_充满_自称_再住_不会_敲门_又小_又脏_
786,常理,住_最好_错_最差_应该_是_是_
787,火车站,较远_不利于_还是不错_
788,工号,没有_帮助_再次光临_支持_下次有_及时告知_妥善解决_担保_会_携程_
789,无锡,很近_
790,隔壁,都听_
791,重点,住_星级_得知_推荐_
792,酒店,很好_
793,客户,好像是_说_开_就近住_
794,携程,并不高_
795,房间,是_不到_入住_已经没有_不知道_再考虑_不真实_挂靠_却被_不会_是_到达_没有_却反馈_明明是_预订_不要_反馈_没有_告知_做_怎么管理_给_却搞出_
796,五星,洗澡_一看_是_开始_无从考究_是_晦涩_用来_曾经淹_清清楚楚_是_等级_起_形容_白_干净_皂泡_不详_斑驳_放_显示_稍微有_打_，_低_关上_都知道_倒是_用_可以_感觉_不算_是_可疑_隐隐发黑_给_好听_怪异_住_惨不忍睹_像是_整齐_蚂蚁窝_很明显_洗手_至少是_不堪_出现_相信_不行_是_让_不是_上去_至少用_看_怀疑_只是拉开_垫狗屋_更可怕_但是感觉_起来_装_没有清洗_又干_铺设_脚线_就是_架_小_
797,酒店,一般_严重_就是_严重上当_豪华_不副实_所谓_就是_多出_陈旧_
798,位置,不错_比较大_
799,公司,较近_所以选择_接近_很有_普通_
800,酒店,特方便_
801,房间,挺舒适_都不错_整体_
802,房间,较大_星级_比较宽敞_
803,酒店,直接去_不错_有点旧_比较小_可以_游泳_
804,设施,不是_一般_招待_就是_
805,房间,高_挺干_小_净_没有_高级_有_算是_就是_
806,信号,定_一会没有_不低_一般般_是_最差_
807,总体,感觉_不到_根本达_
808,怪味,去_太慢_新_较差_要_顶漏_过长_换_等待_
809,酒店,就说_也带_提出_反馈_宝贵_不舍得_星级_是_尊敬_是_试想_竟然说_是_不开_不享受_就可以_没有达到_提醒_意识_早知道_查房_还高兴_优惠_付360_早餐优惠_感谢_不会_开放_再想起_服务_没有查房_应该_一走_选择_别看_不包括_入住_别说_开_是_是_走_写_估计_这么热_差_正规_开好_
810,酒店,比较舒服_还不错_不大_
811,感觉,就是_很到位_也面带微笑_
812,九寨沟,感觉_觉得_住_去_很好_差_
813,房,也有_很新_一样_很漂亮_还有_小_洗_有_大_专门_很大_有_
814,房间,很敞亮_只是洗澡_很干净_很大_小_没有_有_
815,门面,太小_不熟悉_也小_有待_
816,电话,不清_到_不知道_说_标志性_让_总算说_转礼_不熟悉_也分_有_问_
817,装修,不到位_所以慎重_新_需要_不符合_以下_来得及解决_还是_提出_都超过_太高_太低_住_用_新开业_新_可能_换_尤其是_入住_不好_淋浴_经常要_有_
818,酒店,就是_未_很简陋_一般_陈旧_
819,酒店,没有_住_蚊香_太差_很脏_要_还是_有_很旧然_真是_非常大_告知_漏_
820,酒店,坐_有_到_免费接机_冰镇_免费_喝_还有_
821,南京,就是_很无可挑剔_谈下_选去_但愿_更优惠_能_还是_很贵_还是_选来_
822,好评,决定_再体验_再让_不打算_决定_失望_住_再来_
823,深圳,
824,酒店,较远_住_都是_办事_尤以奇瑞_过来_不是_很方便_居多_过来_来_地处_
825,酒店,是_需要_预订_整体_不差_没有_特别注意_
826,交通,吵_还是_住_有_既是_相当便利_也是_
827,房间,听_总_是_定_使用_让_可以_结账_没有给_没有给_是_定_盖_很吵_失望_当闹_很重_很清楚_
828,区,有_最好_是_
829,行政,一直敞着_住_是_是_叫_长途打回_巨大_还有_有_吐_影响_故意让_竟让_用_五星级_在装修_再换_难忘_会_不知_总感觉_没有_道铺_靠_脏乱_送餐_别提多_不制_最让_要求_难受_在克制_真是_出来_
830,房间,有点像_很小_
831,服务,还不错_还可以_
832,装修,很干净_大床_很舒适_还不错_
833,服务,有_非常差_是_搬到_
834,酒店,很好_比较方便_去_
835,接线员,横乱_准_只是_也是_准_不熟_要_说_是_推介_看_住_凑合_
836,春节,不错_是_住_很方便_也不错_
837,晚,
838,客户,表示_就是_洗脸_有_局部装修_予以_后告知_开始_弄_无从投诉_将_有_仅仅报以_答应_极力要求_共入住_正在剃须_予以_司_是_不通_不满_口头道歉_是_好尴尬_
839,贵宾楼,最大_是_考虑_都铺好_送_筛选_很周到_
840,地理,佳_在_
841,酒店,基本达到_给_要_已经提到_是热_不错_比较满意_先前入住_说_不会_都是_还不错_只有_比较会_女_冲泡_就不错_基本没有_耍NB_能_原来是_是_比较简单_只提_是_给_已绝迹_服务_补充_需要_男_是_不满意_是_就是_住_还没有_让_笑_是_不属于_
842,餐厅,流连忘返_让_
843,价格,需要_有_注意_小_大有_
844,房间,走下坡_应该_要_重新装修_将会_
845,酒店,是_不到_入住_了_没有说明_就没_调换_定_给_说_调换_交涉_看来现实_再去_使_舒适_到达_住_好不容易找_给_需要_找_必然_是_又不对_办理_免费_才给_入住_板_来_认为_终于结束_是_太残酷_搭理_换_真是_不能_并说_出_住_开始_回回_调_
846,酒店,有_小_不到_只有_单上有_添加_不掉_不隔音_来_也吃_
847,床,送_先前_会_免费升级_有_差不多_介绍_免费_
848,曙光,发现_最烦心_发现_是_入住_别墅间_很小_很潮湿_
849,工号,妥善解决_会_携程_担保_下次有_帮助_及时告知_没有_再次光临_支持_
850,地段,下水_没有_住时_良性发展_专业_希望_到_没有_还会_相当不错_出_特提醒_可能_这牵涉_职业_考虑_服务_有_不够_总_再住_不小于_可能_整夜发出_报修_使_影响_会_得到_
851,服务,很好_
852,服务员,回_成心坑_收拾_离开_准备_问_说_吃饭_
853,标准,好_居然热水_后来叫来_折腾_才弄_都上_不来_
854,老板,订_每次出差_到_都要_很满意_
855,门童,不专业_开门_拿_都要_到_下出租_没_是_不说_
856,国宾馆,还得_不方便_没有_靠近_就是_一般_不敢_太深_还有_走_深宅_老远_自驾_有_
857,朋友,入住_
858,房,不好_只有_过_有点像_非常小_住在_
859,环境,不愧是_不错_很给_
860,酒店,竟然说_敲错_无动于衷_投诉_去_会_砸门_是_有_疯_
861,无锡,看_住_不错_
862,态度,太差_全面_洗_并决定_实在是_召开_非常感谢_一洗澡_慢_比较差_进行_提出_非常重视_很吵_全是_全是_直言批评_不值_恶劣_真的是_将开始_反馈_
863,携程,不堪_已生_是_会_订到_这么污秽_
864,饭店,就是_小_偏贵_较新_不错_便利_有_
865,招牌,光顾_感觉_保持_欢迎_再次下榻_顺利_早餐涨价_反馈_衷心祝_星级_感谢_将一如既往_
866,床,半夜来_是_太小_还好床_淋_很怀疑_早_干净_够_处理_差_星级_堵塞_
867,朋友,吃_是_一起去_越来越差_让_再来_入住_不会_九点去_太失望_都没有_
868,酒店,宰_补充_借伞_再入住_住_是_是_生气_但服务_取消_是否要_被_住_不会_要_收半天_问_是_要求_没有_延住_是_已经过_说_价涨_要_说_像是_后来说_大_是_补_总之感觉_延误_还说_都好_携程_退_并出示_告知_也是_应该_点评_结果被_入住_预订_告知_令_
869,态度,没_充点评_安排_服务_不好_是_携程_说_就是_说话_没_不错_
870,酒店,入住_才得以_靠近_强烈要求_答应_太大_更换_还是给_安睡_
871,事情,住_还是_方便_
872,老,不好_
873,房间,入住_唯一_基本一致_服务_就是_比较令_用_查_相当不错_不知道_那么久_花_满意_
874,半天网,都上_答曰_坏_不去_问_
875,房间,还有_投诉_都有_不是_就拆_没洗_睡_干净_煲_是_不着_不知道_不到_没有_有_黑黑_还是_出来_以前有_找_连倒_
876,经历,没有打扫_去_相隔_入住_听_再差_并没有_才确认_爱_做_新开_没有入住_比比皆是_临_折腾_并没有_不能_喜欢_办理_有_一塌_大_再拿_非常客观_糊涂_付_差_不会_非常佳_说_是_
877,竞争力,比较安静_可怜_小_放_更换_没打折_都看_弄_估计_有_很一般_不清_一样_申请_
878,信号,一般般_是_定_最差_一会没有_不低_
879,携程,最烂_预定_遇到_
880,感觉,还可以_很安静_也好_
881,房间,充满_心想_很强烈_实在忍受_一下睡_不知_有_换_给_小_不住_是否_算_
882,房间,正逢_很干净_很舒适_很静_入住_不热闹_很安静_很贵但_超值_
883,房间,小_住_还会_很干净_
884,点评,纯粹是_拿_
885,事件,
886,房间,很陈旧_太大_预订_大_却没有_住_只能_
887,酒店,上_服务_亲自带_免费升级_很好_做_
888,山里,算是好_
889,酒店,可能_很好_一般_入住_下次有_不贵_不是_还会_
890,酒店,去_明孝_弯_特别推荐_很好_世外桃源_是_
891,浴盐,就破_打开_不是_最主要_是_伤_主要_要_不是_大_差_能_
892,总体,得到_可以_方便_一定_很好_有_
893,沙区,算是_很好_办事_只好选_
894,酒店,主要是_比较陈旧_只能_非常差_一般_算是_
895,提议,在B座_要_投诉_还有_入住_不要_可是有_听到_预定_是_预定_
896,房间,预定_不怎么样_留给_携程_
897,房间,到_等_靠_服务_陈旧_需要_居然说_上班_都休息_得_
898,服务,全是_混_有_不好_太黑_开_免费_
899,司星,预订_略显小_很好_值得_预定_已经是_豪华_非常不错_很好_
900,酒店,白_较一般_但被_巾洁_服务_
901,房间,接受_都听_可以_非常差_很大_得到_
902,南方,可_去_让_宾至如归_高_以为_有_娱乐_迎宾_询问_是_不好_接着推荐_这给_
903,店,极差_服务_为期_太差_非常后悔_太差_说_换_这样_给_值班_后悔_也要_是_不是_只能_写错_也是_排队_不情愿_不知道_不方便_
904,酒店,欢迎_比较舒适_保持_预订_感谢_反馈_比较满意_衷心祝_顺利_将一如既往_星级_再次下榻_
905,交通,但是干净_整洁_很方便_比较高_推荐_小_很有_
906,同事,出差_携程_订_选择_
907,前台,不错_会_推荐_有_合理_很快_很有_能_响应_
908,整体,住_推荐_感觉_是_还会_还不错_忘_
909,饭店,很一般_感觉_太好_
910,中山,睡觉_还可以_服务_很安静_都没有_还可以_
911,楼,很大_少_综合_介意_真的是_最差_是_来_之前看_体验_改成_说_唯一_开_是_说_没_不介意_不信_
912,服务,经常有_骚扰_比较差_
913,位置,合适_很不错_还定_下次有_这样_不错_比较干净_
914,服务,很温馨_也不错_很舒服_很舒服_很好_
915,高,周到_说_棒_忍不住改变_很齐备_处_没好_飞_进来_多_但中_多住_附属_唯一_离闹_没注意_远_就是_开_真是_没_
916,黑龙江,大_住_觉得_做_比较_都是_没_
917,评价,提_突然裤档_一下是_好少_值得_开_慢_帮_不知主楼_不收费_迅速拿去_感觉_住_好远_走_如何_确实不错_出门_是_补_急着要_来_不会_服务_体验_
918,酒店,住_升级_重新登记_去_讲_没有_来_还是_说_不是_要_不好_还不错_修好_修_说_找_响_来_不好_
919,服务,一般_
920,客户,比较好_比较方便_到_临近_比较满意_接送_一样_
921,武义,房没_被_大_回来_告知_说_订_只剩下_一下入住_到达_招温泉_新_
922,长寿路,于是订_没有_是_美化_最差劲_却是_办事_住_
923,房间,拿_让_很快_够大_还算_不提供_不错_说_就是_住_是_就有_服务_唯一_靠街_很干净_不能_就拿来_延后_很好_还有_自动_
924,扬子岛,美美_很好_就是_逛_很方便_吃饭_就是_大_
925,房间,不好_
926,酒店,不算是_最新_很不错_
927,酒店,比较有_很好_不错_
928,芙蓉,无可挑剔_入住_很大_都有_升级_有_丽庭_都实惠_该_
929,酒店,不想_下_都选择_住_节约_还可以_故意_有_遇到_感觉_回_是_不能_很麻烦_刷卡_
930,酒店,很不错_很好_
931,火车站,免费送_点餐可_打车_就到_是_起价_便是_有_至_长途_出_很近_营业_
932,餐厅,流连忘返_让_
933,黑龙江,都是_做_大_比较_没_住_觉得_
934,导游,订_能_给_订_拿到_说_太高_携程_
935,夜,
936,酒店,很好_也不错_而且包括_想_很干净_很周到_
937,酒店,给_误导_把_应该_携程_放在_被_算是_
938,友谊,新鲜_优美_服务_比较到位_还可_
939,临沂,比较合格_比较有_
940,海景,不错_属于_最好_
941,酒店,觉得_不错_都有_就订_看到_
942,春,给_显得_不值_很旧_有些脏_亲自入住_太贵_新_今后考虑_比较失望_很旧_很好_新开_有_
943,酒店,还逼_不满意_吵_
944,地点,唯一_比较麻烦_也是_竟然打_很方便_走路_就是_让_去_被_宰_太近_
945,家,正好有_入住_不是_相隔_吵_只有_睡_入住_太硬_有些陈旧_腰算背痛_反正是_到_没有_太好_更有_
946,吉林市,找到_最好_
947,酒店,订_网速不错_很好_重新装修_还有_去_还过_
948,酒店,方便_不错_
949,房间,刚入住_是_脏_
950,阁客,出去_居然早上_明明含_给_不肯_不知道_还是_买_大清早冒_有_可以_太差_选_
951,酒店,挺温馨_感觉_升_给_还不错_入住_
952,携程,换_一样_什么橱_不同_提出_有_不要_只能_提_坏_最小_多余_写明_没有_连放_订_说_订_免费_无法加床_见_均靠_见到_也没有_相同_是_实际入住_
953,房间,去_in_新烧_不好_糟_透_发誓_抽烟_主要是_还可以_太吵_感觉_非说_很长_让_不含_没碰_但结账_说_很费劲_好打车_订_办离_感觉_不舒服_订房_有_不会_不会_真是让_
954,价钱,不错_躲_新_确实是_
955,海口,不例外_特别便宜_
956,酒店,好像没_开门_过高_会_有_补充_再次被_回来_是_点评_吃_砍价_熏倒_吃_刚住完_不会_稍好_雷到.换_差点被_赶上_留下_入住_健康_退房_甲_有_要_刚开门_严重影响_
957,隔音,比较差_一清二楚_说话_
958,游泳池,不订_事先通知_不好_
959,大床房,有_出_SHOPPING_表扬_也漂亮_有_借_帮_很喜欢_问_看_可以_很好闻_入住_还有_靠_有_可以_很热情_不错_还是_要_还放_是_有_马上介绍_在经营_好逛_免费_挺美_顺便搞_大洋_买_登记_挑_有_免费_
960,当地,用_有点成旧_高挂_没有_实在找_有_感觉_下楼_找_发现_入住_不到_去_手试_只得_都知道_没有_于是想_挺高_联系_
961,酒店,不能_否则要_小休_比较小_注意_延迟_只能_加收_大约要_要_要_走_吃饭_去_不满意_淋浴水_是_
962,环境,很干净_不错_
963,服务,都可以_超过_说_延长_很差_说_退房_就要_加半_
964,标间,干净_感觉_不好_不台_不好_
965,门口,好_有_
966,酒店,很好_不错_优越_服务_
967,房间,又入住_不会_住_应该_挑选_没想到_非常差_预定_千万注意_还好_自助早餐_之前住_老装修_是_很好_
968,前台,不客气_没有_爱_受到_包括_不住_欠_服务_住_
969,北戴河,比较舒适_住_是_服务_比较正规_
970,酒店,太陈旧_在是_是_
971,服务,很差_
972,房间,
973,时间,预定_预定_进行_告诉_到_只有_没有进行_
974,骚,扰_让_不敢_评_都是_莫名其妙_恭维补充_出来_怎么平均_是_打_
975,酒店,热水_下_要_简陋_就是_洗澡_都是_洗_小_可怜_直接流出_小_
976,信号,定_是_补充_一般般_最多_评_不低_就是_最差_一会没有_
977,性价比,较高_又续订_住_比较满意_回来_
978,客户,后告知_答应_不通_表示_就是_好尴尬_共入住_司_极力要求_无从投诉_仅仅报以_是_正在剃须_予以_口头道歉_有_予以_洗脸_将_开始_局部装修_弄_不满_有_是_
979,酒店,特方便_
980,酒店,无星级_非常一般_都不如_新开_都不如_
981,事情,住_还是_方便_
982,经历,大_没有入住_爱_有_非常佳_临_并没有_喜欢_再差_折腾_办理_入住_去_做_不会_比比皆是_差_没有打扫_才确认_不能_一塌_付_听_非常客观_再拿_说_相隔_并没有_是_新开_糊涂_
983,海天,住_管坏_换_已经睡_很好_没有去_所以采光_很脏_不好_不是_太好_比较小_是_
984,周边,很静_比较小_看到_感觉_容易漏水_不方便_很远_不敢_开_怎么干净_很湿_有_怎么好_冷水_发霉_使_也有_连放冷水_不好_上当_淋_很方便_不远_出行_综合_逛_脏_变_喝_没敢_有_使用_
985,万豪,进入_找_问及_是_只是_害_长长_回答_不到_应该_不到_置若罔闻_入_还有_显得_光_异常冷清_不雅.太过分_几乎看_衣穿_也歇业_相当不错_说_只穿_找_冷_
986,宾馆,也便宜_这么差_好_所以说_真的想象_超豪华_不会_应该_真是_一直是_不是_看_到_发疯_实际是_调除_说_平遥_不怎么样_不制热_没住_会_挺大_很多_去_说_是_住_亲自来_让_是_不出_缩水_相信_是_不能_给_关_不符_都发_决定_掺水_发出_不去_解释_宣传_看_特别好_太适合_这么大_发疯_多开始_不上_就搬家_是_去_才能_都差_神奇_入住_开玩笑_简直会_关上_是_不是_不能_放_排场_搬_
987,破酒店,网慢_
988,酒店,很棒_就是_还是不错_收费_太符合_不愧是_上网_还要_提供_
989,酒店,不能_一般_去_到_上网_要_
990,客房,都脱漆_太黑_是_露天排档_说_不如_很过分_不好_叫_根本是_50元_一般_还是_也差_尤其要_极小_炒_太陈旧_还少_都不错_摇晃_很小_卖_要_
991,酒店,有_星级_撑_死_相当恶心_
992,网友,是_选择_还没有_不怎么样_
993,电话,到_预定_含_
994,房间,reserved_免费注册_联系_说明_才代理_诚聘英_很差_Copyright_
995,服务,旧_很有_拾到_很仔细_挺干净_还给_非常感激_包_想_
996,阁客,太差_不知道_出去_有_不肯_可以_选_还是_明明含_买_居然早上_大清早冒_给_
997,酒店,蛮有_服务_让_接机_扎进_不设防_租车_
998,兰轩,才选_都没_珀丽_
999,话,介绍_吃饭_要_单签_没收到_买_有_感觉_住_管_住_是_脏_等_怎么说_去_坏_台扯_糟糕_是_那么大_豪华_没有_首先是_还没_不知道_都是_打到_
1000,交通,还说_宽敞_过去_比较干静_
